code,name,price,change_pct,volume,enhanced_score,grade,trend,momentum,tech,rsi,momentum_3d,momentum_10d,momentum_20d,position,reasons
600721,百花医药,9.37,1.63,18632905,92.0,S,75,100,92.5,52.1,1.3,8.2,0.32,0.2,"偏多趋势,强势上涨(3日+1.3%),量价齐升"
600033,福建高速,3.86,0.52,38840000,91.0,S,100,80,85.0,60.9,0.0,1.58,0.52,0.19,"多头排列,趋势向上,放量上涨"
600000,浦发银行,10.29,0.29,66490467,91.0,S,100,100,85.0,66.7,1.08,5.76,1.08,0.24,"多头排列,强势上涨(3日+1.1%),MACD金叉"
601398,工商银行,7.25,0.69,306828268,91.0,S,100,100,92.5,63.8,1.26,1.83,-0.41,0.31,"多头排列,强势上涨(3日+1.3%),量价齐升"
601800,中国交建,8.22,-3.29,94316896,91.0,S,100,80,92.5,51.9,-0.6,1.73,0.74,0.44,"多头排列,趋势向上,量价齐升"
600712,南宁百货,6.57,2.5,11088500,90.5,S,75,100,92.5,56.3,3.46,7.88,0.0,0.29,"偏多趋势,强势上涨(3日+3.5%),放量上涨"
600180,瑞茂通,3.88,1.04,20209800,89.5,S,100,100,85.0,58.4,1.04,4.86,2.92,0.69,"多头排列,强势上涨(3日+1.0%),量价齐升"
002108,沧州明珠,5.14,1.18,61653228,89.5,S,100,100,85.0,61.1,0.78,2.19,3.42,0.8,"多头排列,强势上涨(3日+0.8%),量价齐升"
601668,中国建筑,5.09,-1.17,309401058,89.5,S,100,80,92.5,54.8,-0.97,0.99,-0.39,0.54,"多头排列,趋势向上,放量上涨"
601825,沪农商行,8.9,1.02,22292331,89.5,S,100,100,77.5,70.5,3.01,5.33,3.73,0.58,"多头排列,强势上涨(3日+3.0%),放量上涨"
600018,上港集团,5.2,0.39,63453504,89.5,S,100,80,85.0,60.3,-0.19,0.19,2.97,0.44,"多头排列,趋势向上,量价齐升"
603365,水星家纺,21.2,1.63,2049000,89.5,S,100,100,85.0,59.5,2.42,5.21,3.01,0.78,"多头排列,强势上涨(3日+2.4%),量价齐升"
300867,圣元环保,19.41,0.99,4398519,89.0,S,75,100,100.0,51.4,1.09,1.36,1.09,0.21,"偏多趋势,强势上涨(3日+1.1%),MACD金叉"
002801,微光股份,35.68,0.85,3419130,89.0,S,75,100,92.5,55.2,1.05,9.38,2.35,0.58,"偏多趋势,强势上涨(3日+1.0%),量价齐升"
600250,南京商旅,11.63,2.38,13514600,89.0,S,75,100,85.0,54.4,1.13,7.88,0.35,0.23,"偏多趋势,强势上涨(3日+1.1%),放量上涨"
600081,东风科技,11.92,0.93,3252290,89.0,S,75,100,92.5,47.6,1.45,5.49,-0.08,0.53,"偏多趋势,强势上涨(3日+1.4%),量价齐升"
600587,新华医疗,15.48,0.98,10820286,89.0,S,75,100,92.5,53.1,1.18,3.61,-0.13,0.45,"偏多趋势,强势上涨(3日+1.2%),量价齐升"
002235,安妮股份,11.56,9.99,89577073,88.8,S,100,100,85.0,61.7,5.28,20.29,12.45,0.49,"多头排列,强势上涨(3日+5.3%),量价齐升"
600941,中国移动,97.7,-0.19,12724313,88.8,S,100,100,85.0,68.1,1.31,2.16,3.67,0.46,"多头排列,强势上涨(3日+1.3%),量价齐升"
002407,多氟多,30.55,-0.97,97437954,88.2,S,75,100,92.5,50.9,0.56,7.12,2.65,0.28,"偏多趋势,强势上涨(3日+0.6%),量价齐升"
601718,际华集团,3.33,0.0,43655000,88.0,S,100,50,85.0,51.7,-2.06,-0.6,-0.6,0.26,"多头排列,量价齐升,MACD金叉"
601728,中国电信,6.11,-1.13,237020804,88.0,S,100,100,62.5,75.0,1.83,3.91,6.08,0.4,"多头排列,强势上涨(3日+1.8%),量价齐升"
600020,中原高速,4.18,-0.24,14252700,88.0,S,100,80,85.0,61.0,-0.48,0.97,1.95,0.46,"多头排列,趋势向上,放量上涨"
688575,亚辉龙,15.37,6.81,17343834,88.0,S,100,100,77.5,75.2,7.26,10.73,9.63,0.8,"多头排列,强势上涨(3日+7.3%),量价齐升"
600195,中牧股份,8.15,0.87,18961300,88.0,S,100,100,85.0,59.3,1.49,3.3,2.77,0.37,"多头排列,强势上涨(3日+1.5%),放量上涨"
000597,东北制药,5.34,0.56,11339037,88.0,S,100,100,85.0,68.5,0.75,2.89,1.52,0.53,"多头排列,强势上涨(3日+0.8%),MACD金叉"
002941,新疆交建,16.11,-2.95,21458815,88.0,S,100,50,85.0,49.8,-1.83,1.38,-0.37,0.17,"多头排列,量价齐升,MACD金叉"
600582,天地科技,6.15,-1.91,49649500,88.0,S,100,80,92.5,57.0,-1.91,1.15,2.16,0.78,"多头排列,趋势向上,量价齐升"
601228,广州港,3.59,0.0,26972351,88.0,S,100,80,92.5,61.7,-0.83,0.56,2.87,0.69,"多头排列,趋势向上,量价齐升"
603990,麦迪科技,15.13,1.07,8175162,87.5,S,75,100,92.5,50.2,0.6,8.07,1.0,0.48,"偏多趋势,强势上涨(3日+0.6%),放量上涨"
600820,隧道股份,6.56,-1.94,29345900,87.5,S,75,80,100.0,46.2,-1.65,0.61,-1.2,0.56,"偏多趋势,趋势向上,量价齐升"
603617,君禾股份,7.77,1.17,4609700,87.5,S,75,100,100.0,47.2,0.65,5.57,-1.4,0.67,"偏多趋势,强势上涨(3日+0.6%),量价齐升"
003019,宸展光电,32.79,3.08,5916503,87.5,S,75,100,85.0,56.5,4.46,8.22,6.12,0.55,"偏多趋势,强势上涨(3日+4.5%),量价齐升"
000598,兴蓉环境,7.13,-1.11,28244000,87.5,S,75,80,100.0,48.4,-0.7,2.15,-0.56,0.51,"偏多趋势,趋势向上,量价齐升"
600170,上海建工,2.94,-2.65,287228858,87.5,S,75,80,100.0,51.6,-3.29,3.89,-1.67,0.58,"偏多趋势,趋势向上,量价齐升"
601098,中南传媒,11.18,0.45,11150001,87.5,S,75,100,92.5,59.4,0.81,2.47,2.1,0.58,"偏多趋势,强势上涨(3日+0.8%),放量上涨"
600429,三元股份,5.51,0.92,23038700,87.2,S,100,100,85.0,61.7,5.35,4.16,1.66,0.56,"多头排列,强势上涨(3日+5.4%),放量上涨"
000516,国际医学,5.14,-2.1,87402809,87.2,S,100,80,92.5,59.6,-2.28,13.72,4.05,0.45,"多头排列,趋势向上,量价齐升"
001236,弘业期货,10.14,1.1,12168300,87.2,S,100,50,100.0,53.2,-2.69,3.15,-0.1,0.28,"多头排列,量价齐升,MACD金叉"
603199,九华旅游,42.64,0.16,2631670,87.2,S,100,100,92.5,68.3,1.64,4.46,-3.31,0.8,"多头排列,强势上涨(3日+1.6%),量价齐升"
000837,秦川机床,11.96,-1.4,21675608,86.8,S,75,80,100.0,41.4,-3.86,3.91,-2.37,0.26,"偏多趋势,趋势向上,量价齐升"
688218,江苏北人,22.06,-0.9,3218357,86.8,S,75,100,100.0,47.1,0.23,5.65,-0.5,0.47,"偏多趋势,强势上涨(3日+0.2%),量价齐升"
300584,海辰药业,44.89,0.09,6244600,86.8,S,75,100,92.5,53.3,5.23,7.26,0.9,0.23,"偏多趋势,强势上涨(3日+5.2%),放量上涨"
601238,广汽集团,7.91,0.51,22076644,86.5,S,40,100,100.0,47.9,0.64,1.15,-0.75,0.24,"强势上涨(3日+0.6%),量价齐升,MACD金叉"
000963,华东医药,35.47,1.55,10011987,86.5,S,40,100,100.0,45.8,1.4,4.23,-2.31,0.23,"强势上涨(3日+1.4%),量价齐升,MACD金叉"
600853,龙建股份,4.18,-3.91,48770124,86.5,S,40,100,100.0,45.5,0.48,0.72,-5.0,0.18,"强势上涨(3日+0.5%),量价齐升,MACD金叉"
600930,华电新能,6.37,-5.77,507041868,86.5,S,100,80,70.0,65.5,-0.78,6.52,7.24,0.55,"多头排列,趋势向上,量价齐升"
601186,中国铁建,7.37,-1.86,144861300,86.5,S,100,80,92.5,51.6,-0.54,1.66,1.52,0.35,"多头排列,趋势向上,放量上涨"
002166,莱茵生物,9.43,0.32,10241934,86.5,S,100,80,85.0,62.6,-0.32,8.27,1.73,0.75,"多头排列,趋势向上,量价齐升"
002124,天邦食品,2.61,0.77,54047443,86.5,S,100,80,85.0,61.5,-0.76,5.67,3.16,0.44,"多头排列,趋势向上,缩量回调"
301038,深水规院,22.71,2.62,6442326,86.5,S,40,100,100.0,44.8,2.76,5.43,-2.2,0.28,"强势上涨(3日+2.8%),量价齐升,MACD金叉"
002675,东诚药业,13.32,0.38,9469330,86.0,S,75,80,92.5,49.2,-1.04,5.71,-1.99,0.42,"偏多趋势,趋势向上,量价齐升"
601607,上海医药,17.27,-0.12,8602494,86.0,S,75,100,92.5,53.2,0.23,0.35,-0.12,0.25,"偏多趋势,强势上涨(3日+0.2%),量价齐升"
600104,上汽集团,14.64,0.07,69484171,86.0,S,75,100,85.0,55.3,1.67,3.98,0.97,0.44,"偏多趋势,强势上涨(3日+1.7%),放量上涨"
000989,九芝堂,9.09,0.33,8351170,86.0,S,75,100,92.5,53.9,0.66,5.7,-0.76,0.8,"偏多趋势,强势上涨(3日+0.7%),量价齐升"
002363,隆基机械,8.76,-1.46,8106551,86.0,S,75,50,100.0,40.7,-3.52,3.06,-3.84,0.22,"偏多趋势,量价齐升,MACD金叉"
600006,东风股份,6.98,1.16,18648000,86.0,S,75,100,92.5,51.4,0.58,4.33,0.43,0.38,"偏多趋势,强势上涨(3日+0.6%),量价齐升"
601633,长城汽车,21.15,0.38,18855183,86.0,S,75,100,85.0,51.9,2.62,4.86,0.76,0.45,"偏多趋势,强势上涨(3日+2.6%),放量上涨"
002120,韵达股份,6.97,-0.43,22288830,86.0,S,75,100,92.5,55.6,0.29,1.46,0.0,0.64,"偏多趋势,强势上涨(3日+0.3%),量价齐升"
002032,苏 泊 尔,44.66,-0.89,1374486,86.0,S,75,100,92.5,48.4,1.32,2.53,-1.28,0.33,"偏多趋势,强势上涨(3日+1.3%),量价齐升"
300996,普联软件,17.59,3.17,7378900,86.0,S,75,100,92.5,50.6,0.86,9.05,1.09,0.36,"偏多趋势,强势上涨(3日+0.9%),量价齐升"
002033,丽江股份,9.58,1.7,16473340,86.0,S,75,100,92.5,59.5,1.81,5.39,-2.84,0.65,"偏多趋势,强势上涨(3日+1.8%),量价齐升"
600846,同济科技,13.91,0.94,4446430,86.0,S,100,100,67.5,81.8,1.53,6.84,2.66,0.33,"多头排列,强势上涨(3日+1.5%),量价齐升"
600864,哈投股份,6.43,-0.46,17091950,86.0,S,75,50,100.0,48.3,-2.43,-0.46,-2.58,0.19,"偏多趋势,量价齐升,MACD金叉"
300668,杰恩设计,28.93,5.05,8564446,85.8,S,100,100,85.0,64.1,3.88,15.58,14.53,0.77,"多头排列,强势上涨(3日+3.9%),量价齐升"
300963,中洲特材,20.9,-4.39,24295354,85.8,S,100,50,92.5,56.8,-1.04,4.5,3.11,0.25,"多头排列,量价齐升,MACD金叉"
603363,傲农生物,4.48,3.46,118544016,85.8,S,100,100,70.0,66.7,0.22,6.16,5.91,0.46,"多头排列,强势上涨(3日+0.2%),量价齐升"
001301,尚太科技,84.65,-2.32,9394018,85.8,S,100,100,85.0,62.0,3.99,15.11,9.72,0.74,"多头排列,强势上涨(3日+4.0%),量价齐升"
002294,信立泰,55.35,5.65,13226684,85.8,S,100,100,85.0,63.0,5.59,15.48,12.98,0.72,"多头排列,强势上涨(3日+5.6%),量价齐升"
601169,北京银行,5.49,0.0,130175568,85.8,S,100,100,85.0,63.2,0.18,1.48,1.1,0.73,"多头排列,强势上涨(3日+0.2%),量价齐升"
002579,中京电子,12.57,2.78,42097689,85.8,S,100,100,85.0,55.9,1.86,9.3,7.8,0.66,"多头排列,强势上涨(3日+1.9%),量价齐升"
300302,同有科技,21.04,7.79,42539993,85.8,S,100,100,85.0,59.3,6.91,21.55,11.74,0.69,"多头排列,强势上涨(3日+6.9%),量价齐升"
605336,帅丰电器,14.54,1.61,2427430,85.2,S,75,100,100.0,47.5,2.39,8.1,-5.09,0.26,"偏多趋势,强势上涨(3日+2.4%),MACD金叉"
603032,德新科技,18.99,1.88,6408523,85.2,S,75,100,92.5,50.6,2.59,9.14,-0.73,0.47,"偏多趋势,强势上涨(3日+2.6%),量价齐升"
001313,粤海饲料,7.73,1.71,12293000,85.2,S,75,100,92.5,52.8,2.11,6.33,-0.26,0.42,"偏多趋势,强势上涨(3日+2.1%),量价齐升"
688639,华恒生物,35.87,-0.69,9293848,85.2,S,75,100,92.5,54.4,2.84,12.3,0.65,0.46,"偏多趋势,强势上涨(3日+2.8%),量价齐升"
300409,道氏技术,29.47,-2.58,65465812,85.2,S,75,100,92.5,53.9,0.72,8.91,1.83,0.6,"偏多趋势,强势上涨(3日+0.7%),量价齐升"
002840,华统股份,10.16,2.11,16138948,85.0,S,100,100,85.0,58.6,0.3,4.1,3.67,1.0,"多头排列,强势上涨(3日+0.3%),量价齐升"
002034,旺能环境,18.42,-2.38,9659501,85.0,S,100,100,85.0,68.4,0.27,8.04,6.97,0.86,"多头排列,强势上涨(3日+0.3%),量价齐升"
601200,上海环境,8.82,-1.67,23098761,85.0,S,100,80,77.5,66.0,-3.08,2.44,4.38,0.77,"多头排列,趋势向上,量价齐升"
601328,交通银行,6.87,0.29,149337025,85.0,S,100,100,85.0,64.7,1.03,1.93,1.93,0.39,"多头排列,强势上涨(3日+1.0%),MACD金叉"
600398,海澜之家,6.29,-0.16,23504500,85.0,S,100,50,100.0,54.8,-0.47,-1.26,0.0,0.59,"多头排列,缩量回调,MACD金叉"
600739,辽宁成大,11.98,-1.56,14003953,85.0,S,100,50,85.0,52.1,-2.68,-1.88,-1.88,0.47,"多头排列,量价齐升,MACD金叉"
601065,江盐集团,8.93,-1.0,12909541,85.0,S,100,80,77.5,57.2,-3.25,2.41,3.24,0.71,"多头排列,趋势向上,量价齐升"
002608,江苏国信,8.44,-1.63,28146562,85.0,S,100,80,77.5,65.4,-4.09,3.18,8.76,0.74,"多头排列,趋势向上,量价齐升"
002020,京新药业,16.35,1.62,13075820,85.0,S,40,100,100.0,45.9,2.77,5.01,-4.61,0.2,"强势上涨(3日+2.8%),放量上涨,MACD金叉"
601618,中国中冶,3.18,-3.93,441278510,85.0,S,100,80,77.5,56.2,-3.34,1.92,3.92,0.68,"多头排列,趋势向上,量价齐升"
601985,中国核电,9.06,-1.95,275064067,85.0,S,100,80,77.5,72.7,-1.09,4.14,4.98,0.76,"多头排列,趋势向上,量价齐升"
600222,太龙药业,7.51,2.6,23267800,85.0,S,100,100,85.0,66.3,2.6,9.16,10.44,1.0,"多头排列,强势上涨(3日+2.6%),量价齐升"
000883,湖北能源,4.9,-2.0,40730916,85.0,S,100,80,77.5,69.9,-2.97,2.3,6.52,0.71,"多头排列,趋势向上,量价齐升"
600168,武汉控股,5.45,-0.73,10316073,85.0,S,100,80,77.5,66.2,-2.33,3.22,3.42,0.75,"多头排列,趋势向上,量价齐升"
001279,强邦新材,33.42,1.15,659156,85.0,S,40,100,92.5,35.1,0.94,1.52,-4.35,0.26,"强势上涨(3日+0.9%),量价齐升,MACD金叉"
300601,康泰生物,14.22,0.92,7596790,85.0,S,40,100,92.5,34.3,0.85,2.75,-8.2,0.12,"强势上涨(3日+0.9%),量价齐升,MACD金叉"
600573,惠泉啤酒,12.65,1.36,10382309,85.0,S,100,100,85.0,62.1,3.77,7.29,4.63,0.69,"多头排列,强势上涨(3日+3.8%),MACD金叉"
002583,海能达,11.0,-1.08,19140458,85.0,S,100,50,85.0,49.5,0.27,0.64,0.09,0.16,"多头排列,缩量回调,MACD金叉"
600975,新五丰,5.82,0.87,19572745,85.0,S,100,80,85.0,62.5,-0.34,2.28,1.22,0.57,"多头排列,趋势向上,MACD金叉"
600512,腾达建设,2.59,0.0,36093601,85.0,S,100,100,85.0,61.0,0.39,5.28,2.37,1.0,"多头排列,强势上涨(3日+0.4%),量价齐升"
002321,华英农业,2.41,0.84,46256000,85.0,S,100,80,85.0,60.5,0.0,4.33,0.0,0.57,"多头排列,趋势向上,MACD金叉"
603589,口子窖,27.3,1.07,3845300,85.0,S,40,100,92.5,39.5,1.83,0.66,-6.63,0.19,"强势上涨(3日+1.8%),量价齐升,MACD金叉"
600199,金种子酒,9.17,2.46,23569500,85.0,S,40,100,92.5,39.7,1.55,2.0,-9.39,0.22,"强势上涨(3日+1.6%),量价齐升,MACD金叉"
000019,深粮控股,7.69,1.32,24381860,85.0,S,100,100,85.0,69.8,2.53,4.77,7.4,1.0,"多头排列,强势上涨(3日+2.5%),量价齐升"
000563,陕国投Ａ,3.57,0.0,57415702,84.5,S,75,80,100.0,53.6,-1.38,1.71,-1.38,0.72,"偏多趋势,趋势向上,量价齐升"
301089,拓新药业,28.92,2.15,2091735,84.5,S,75,50,92.5,49.6,2.19,7.15,-1.3,0.26,"偏多趋势,量价齐升,MACD金叉"
002390,信邦制药,3.4,0.89,26922949,84.5,S,75,100,92.5,55.1,1.19,3.34,0.29,0.37,"偏多趋势,强势上涨(3日+1.2%),放量上涨"
301258,富士莱,34.64,0.49,951000,84.5,S,75,100,92.5,46.9,0.87,5.29,0.0,0.58,"偏多趋势,强势上涨(3日+0.9%),MACD金叉"
002932,明德生物,18.82,0.59,1575753,84.5,S,75,100,92.5,49.5,0.8,4.38,-1.83,0.51,"偏多趋势,强势上涨(3日+0.8%),MACD金叉"
601766,中国中车,6.41,-0.16,159713890,84.5,S,75,80,92.5,46.1,-0.62,2.23,-0.16,0.28,"偏多趋势,趋势向上,MACD金叉"
300142,沃森生物,12.28,1.82,31077084,84.5,S,75,100,92.5,52.7,0.74,7.44,-1.29,0.39,"偏多趋势,强势上涨(3日+0.7%),放量上涨"
300238,冠昊生物,16.48,2.36,13306200,84.5,S,75,100,85.0,57.4,3.06,12.19,4.5,0.66,"偏多趋势,强势上涨(3日+3.1%),量价齐升"
000953,河化股份,7.47,1.49,12448600,84.5,S,75,100,92.5,46.7,2.19,3.89,2.19,0.4,"偏多趋势,强势上涨(3日+2.2%),MACD金叉"
002688,金河生物,6.55,2.66,34666115,84.5,S,75,100,85.0,61.0,0.77,9.53,3.31,0.74,"偏多趋势,强势上涨(3日+0.8%),量价齐升"
000739,普洛药业,18.15,0.83,5095404,84.5,S,75,80,100.0,51.0,-1.04,3.83,-3.2,0.63,"偏多趋势,趋势向上,量价齐升"
603409,汇通控股,39.05,1.64,1491240,84.5,S,75,100,85.0,59.9,1.14,10.22,3.75,0.8,"偏多趋势,强势上涨(3日+1.1%),量价齐升"
002329,皇氏集团,3.9,1.56,13267441,84.5,S,75,50,92.5,52.9,0.78,5.41,-1.02,0.27,"偏多趋势,量价齐升,MACD金叉"
600155,华创云信,6.76,-0.59,18189300,84.5,S,75,80,100.0,50.9,-1.31,0.15,-0.44,0.43,"偏多趋势,趋势向上,缩量回调"
600749,西藏旅游,16.85,1.44,4881530,84.5,S,75,100,92.5,60.1,1.57,6.78,-0.41,0.54,"偏多趋势,强势上涨(3日+1.6%),MACD金叉"
600757,长江传媒,9.21,0.77,9624668,84.5,S,75,100,92.5,54.5,0.55,2.45,-0.32,0.65,"偏多趋势,强势上涨(3日+0.5%),放量上涨"
000650,仁和药业,5.93,0.17,14131856,84.5,S,75,100,92.5,52.2,0.34,1.54,-0.84,0.42,"偏多趋势,强势上涨(3日+0.3%),MACD金叉"
300119,瑞普生物,19.85,0.86,5744613,84.5,S,75,100,85.0,57.2,0.81,6.09,3.39,0.51,"偏多趋势,强势上涨(3日+0.8%),缩量回调"
000888,峨眉山Ａ,13.86,1.17,19454581,84.5,S,75,100,92.5,60.0,1.91,5.32,-2.26,0.77,"偏多趋势,强势上涨(3日+1.9%),放量上涨"
002227,奥 特 迅,9.93,1.64,5481300,84.2,S,100,50,85.0,48.0,-1.1,4.86,-2.93,0.13,"多头排列,量价齐升,MACD金叉"
603063,禾望电气,32.39,0.59,20500880,84.2,S,100,80,92.5,65.3,-2.44,11.96,8.8,0.57,"多头排列,趋势向上,缩量回调"
601038,一拖股份,14.83,-2.63,18571704,84.2,S,100,80,92.5,51.9,-6.26,4.0,6.69,0.55,"多头排列,趋势向上,缩量回调"
002902,铭普光磁,22.41,1.49,11497411,84.2,S,100,100,85.0,60.8,1.77,8.16,5.11,0.64,"多头排列,强势上涨(3日+1.8%),放量上涨"
300489,光智科技,43.48,0.0,2762300,84.2,S,100,50,85.0,51.7,-3.08,4.47,1.14,0.18,"多头排列,量价齐升,MACD金叉"
603156,养元饮品,30.46,-0.46,6723541,84.2,S,100,50,100.0,54.7,-2.87,1.67,0.0,0.55,"多头排列,量价齐升,MACD金叉"
000061,农 产 品,9.2,-0.22,10929465,84.2,S,100,50,100.0,51.2,-1.29,-0.33,-2.02,0.21,"多头排列,缩量回调,MACD金叉"
002256,兆新股份,3.88,-2.02,109456600,84.2,S,100,80,92.5,58.3,-3.0,8.08,4.3,0.76,"多头排列,趋势向上,量价齐升"
600036,招商银行,39.91,0.38,61094451,84.2,S,100,100,85.0,63.5,1.04,1.86,1.09,0.57,"多头排列,强势上涨(3日+1.0%),MACD金叉"
002385,大北农,4.34,1.17,218914370,84.2,S,100,100,85.0,66.7,1.17,2.36,7.69,0.6,"多头排列,强势上涨(3日+1.2%),MACD金叉"
600509,天富能源,9.24,-6.67,105172652,84.2,S,100,80,77.5,62.8,-4.35,3.24,10.39,0.6,"多头排列,趋势向上,量价齐升"
603169,兰石重装,12.29,-3.98,137208035,84.2,S,100,100,77.5,70.0,5.58,7.15,12.96,0.7,"多头排列,强势上涨(3日+5.6%),量价齐升"
301070,开勒股份,64.49,3.3,2796455,84.2,S,100,100,85.0,59.6,3.38,2.04,2.69,0.78,"多头排列,强势上涨(3日+3.4%),放量上涨"
603312,西典新能,48.24,-1.49,1866347,84.2,S,100,80,92.5,56.7,-2.55,4.55,3.63,0.41,"多头排列,趋势向上,缩量回调"
600567,山鹰国际,1.69,-1.74,126257700,84.2,S,100,50,100.0,55.3,-2.87,0.0,2.42,0.5,"多头排列,量价齐升,MACD金叉"
600063,皖维高新,7.48,-3.36,110939180,84.2,S,100,80,92.5,56.6,-5.56,6.86,3.74,0.79,"多头排列,趋势向上,量价齐升"
300878,维康药业,29.39,-0.34,1673900,84.2,S,100,50,100.0,52.1,-6.34,4.96,6.52,0.59,"多头排列,量价齐升,MACD金叉"
300568,星源材质,15.24,-1.49,73788243,84.2,S,100,100,85.0,62.7,1.2,11.4,6.28,0.68,"多头排列,强势上涨(3日+1.2%),放量上涨"
301227,森鹰窗业,37.06,-1.17,1802000,84.2,S,100,50,100.0,47.1,-1.83,7.14,3.84,0.16,"多头排列,缩量回调,MACD金叉"
600192,长城电工,9.61,-2.93,14457337,84.2,S,100,50,85.0,47.8,-5.78,2.56,0.63,0.29,"多头排列,量价齐升,MACD金叉"
002056,横店东磁,23.69,-8.32,119726675,84.2,S,100,100,85.0,65.7,0.85,10.6,16.3,0.7,"多头排列,强势上涨(3日+0.9%),放量上涨"
002102,能特科技,3.6,-2.96,125688203,84.2,S,100,80,92.5,55.9,-5.01,5.88,3.75,0.65,"多头排列,趋势向上,量价齐升"
002805,丰元股份,17.9,-0.56,20477763,84.2,S,100,80,92.5,65.0,-0.28,7.44,7.7,0.69,"多头排列,趋势向上,量价齐升"
002442,龙星科技,6.72,-2.75,19600568,84.2,S,100,80,92.5,53.2,-0.3,5.99,0.9,0.77,"多头排列,趋势向上,量价齐升"
002245,蔚蓝锂芯,17.89,-0.78,34606298,84.2,S,100,80,77.5,59.9,-1.38,3.47,6.62,0.58,"多头排列,趋势向上,量价齐升"
301330,熵基科技,39.15,3.27,7293873,83.8,S,75,100,92.5,55.7,3.74,9.76,1.11,0.53,"偏多趋势,强势上涨(3日+3.7%),放量上涨"
688005,容百科技,31.41,0.35,18962565,83.8,S,75,100,92.5,50.5,2.25,7.57,-2.51,0.44,"偏多趋势,强势上涨(3日+2.2%),放量上涨"
300199,翰宇药业,18.05,2.04,16783819,83.8,S,75,100,100.0,48.4,1.75,9.46,-3.63,0.34,"偏多趋势,强势上涨(3日+1.7%),量价齐升"
002183,怡 亚 通,5.39,4.46,126263815,83.8,S,75,100,85.0,58.6,2.47,10.0,2.28,0.52,"偏多趋势,强势上涨(3日+2.5%),量价齐升"
603273,天元智能,19.81,1.07,2906300,83.8,S,75,100,85.0,57.1,2.38,9.33,2.8,0.59,"偏多趋势,强势上涨(3日+2.4%),量价齐升"
000639,西王食品,3.14,10.18,111435313,83.8,S,75,100,85.0,64.9,11.35,14.6,6.08,0.44,"偏多趋势,强势上涨(3日+11.3%),量价齐升"
688707,振华新材,14.61,0.41,5659650,83.8,S,75,100,92.5,53.8,1.11,5.18,1.25,0.58,"偏多趋势,强势上涨(3日+1.1%),放量上涨"
603086,先达股份,8.38,-2.78,24165342,83.8,S,75,80,100.0,46.0,-5.52,2.95,1.09,0.44,"偏多趋势,趋势向上,量价齐升"
000536,华映科技,5.04,3.07,146557524,83.8,S,75,100,85.0,60.1,3.7,15.07,7.46,0.6,"偏多趋势,强势上涨(3日+3.7%),量价齐升"
000829,天音控股,10.93,0.55,24786323,83.8,S,75,100,92.5,55.0,3.6,3.5,4.0,0.45,"偏多趋势,强势上涨(3日+3.6%),放量上涨"
300573,兴齐眼药,70.21,-1.13,3971733,83.8,S,75,80,85.0,50.5,-2.17,1.95,0.69,0.21,"偏多趋势,趋势向上,量价齐升"
603159,上海亚虹,26.31,-0.79,1131130,83.8,S,75,80,100.0,48.9,-1.42,5.37,-1.57,0.59,"偏多趋势,趋势向上,量价齐升"
001229,魅视科技,39.17,1.53,2659888,83.8,S,75,100,85.0,58.0,1.77,10.93,2.51,0.48,"偏多趋势,强势上涨(3日+1.8%),量价齐升"
688166,博瑞医药,47.09,5.3,15602398,83.8,S,75,100,85.0,55.3,2.5,13.2,1.79,0.48,"偏多趋势,强势上涨(3日+2.5%),量价齐升"
300887,谱尼测试,12.27,8.87,60279230,83.8,S,75,100,85.0,52.7,9.16,15.75,1.91,0.55,"偏多趋势,强势上涨(3日+9.2%),量价齐升"
603020,爱普股份,10.82,-1.55,5618300,83.8,S,75,80,100.0,46.5,-4.16,5.05,-6.4,0.58,"偏多趋势,趋势向上,量价齐升"
603777,来伊份,13.77,6.74,24220316,83.8,S,75,100,85.0,58.7,3.38,13.52,1.62,0.59,"偏多趋势,强势上涨(3日+3.4%),量价齐升"
301238,瑞泰新材,20.98,0.48,7529328,83.8,S,75,100,92.5,51.9,1.89,5.53,1.16,0.5,"偏多趋势,强势上涨(3日+1.9%),放量上涨"
605305,中际联合,43.69,-1.0,12340132,83.8,S,75,100,85.0,62.5,2.61,16.85,10.38,0.53,"偏多趋势,强势上涨(3日+2.6%),量价齐升"
000938,紫光股份,25.39,-1.59,71034649,83.8,S,75,80,100.0,49.5,-4.26,6.41,0.95,0.43,"偏多趋势,趋势向上,量价齐升"
300085,银之杰,41.17,4.52,36904608,83.8,S,75,100,85.0,64.3,3.83,14.39,2.93,0.41,"偏多趋势,强势上涨(3日+3.8%),量价齐升"
600248,陕建股份,3.68,-1.6,37170946,83.5,S,100,50,92.5,60.4,-0.81,-0.27,2.51,0.73,"多头排列,量价齐升,MACD金叉"
002060,广东建工,4.03,-3.36,65082887,83.5,S,100,80,77.5,63.3,-4.5,3.87,5.77,0.7,"多头排列,趋势向上,放量上涨"
601077,渝农商行,7.04,1.0,60607738,83.5,S,100,100,77.5,76.0,2.33,4.92,6.67,1.0,"多头排列,强势上涨(3日+2.3%),量价齐升"
601939,建设银行,9.18,0.33,71882909,83.5,S,100,100,77.5,77.2,0.88,3.15,3.61,0.86,"多头排列,强势上涨(3日+0.9%),量价齐升"
600027,华电国际,5.28,-0.75,162211874,83.5,S,100,80,70.0,71.0,-2.4,2.33,7.98,0.78,"多头排列,趋势向上,量价齐升"
300070,碧水源,4.2,-1.18,54245306,83.5,S,100,50,92.5,59.3,-1.18,3.7,2.94,0.79,"多头排列,量价齐升,MACD金叉"
000958,电投产融,6.79,-0.29,46057374,83.5,S,100,50,77.5,66.3,-2.3,3.03,4.62,0.6,"多头排列,量价齐升,MACD金叉"
000011,深物业A,8.72,1.51,6167500,83.5,S,40,100,100.0,40.6,2.47,4.31,-6.03,0.41,"强势上涨(3日+2.5%),量价齐升,MACD金叉"
688569,铁科轨道,21.62,0.28,824698,83.5,S,100,50,92.5,56.1,-0.32,0.6,3.1,0.46,"多头排列,缩量回调,MACD金叉"
600719,大连热电,7.07,4.59,37500880,83.5,S,100,100,85.0,65.4,1.73,9.27,4.59,1.0,"多头排列,强势上涨(3日+1.7%),放量上涨"
600729,重庆百货,23.47,0.34,2560495,83.5,S,40,100,92.5,37.9,1.16,0.69,-4.63,0.12,"强势上涨(3日+1.2%),放量上涨,MACD金叉"
601963,重庆银行,11.6,2.84,20753623,83.5,S,100,100,77.5,78.8,5.07,12.08,8.21,1.0,"多头排列,强势上涨(3日+5.1%),量价齐升"
601598,中国外运,5.96,-1.0,16701200,83.5,S,100,50,100.0,54.0,-0.33,-3.72,0.85,0.54,"多头排列,MACD金叉,KDJ金叉"
002580,圣阳股份,13.58,0.52,10510705,83.5,S,100,80,92.5,58.0,-0.51,5.27,3.11,0.89,"多头排列,趋势向上,量价齐升"
601279,英利汽车,4.52,5.12,38913099,83.5,S,40,100,92.5,48.2,3.43,5.36,-2.59,0.21,"强势上涨(3日+3.4%),放量上涨,MACD金叉"
601816,京沪高铁,5.17,1.37,217210899,83.5,S,100,100,77.5,75.0,1.57,1.37,3.61,0.87,"多头排列,强势上涨(3日+1.6%),量价齐升"
002151,北斗星通,47.99,5.01,72457103,83.5,S,100,100,85.0,63.9,9.44,16.79,6.67,0.46,"多头排列,强势上涨(3日+9.4%),量价齐升"
603392,万泰生物,40.6,2.14,3709975,83.5,S,40,100,92.5,47.7,1.91,4.91,-3.59,0.28,"强势上涨(3日+1.9%),放量上涨,MACD金叉"
603136,天目湖,12.0,1.27,4794654,83.5,S,40,100,100.0,53.4,1.61,3.27,-3.07,0.46,"强势上涨(3日+1.6%),量价齐升,MACD金叉"
600011,华能国际,7.64,-2.68,151481655,83.5,S,100,80,70.0,70.1,-3.05,2.83,9.77,0.64,"多头排列,趋势向上,量价齐升"
605005,合兴股份,19.69,-1.01,2025900,83.5,S,100,50,77.5,56.7,0.61,2.13,3.36,0.51,"多头排列,量价齐升,MACD金叉"
002461,珠江啤酒,9.86,0.61,12456550,83.5,S,100,100,77.5,72.0,1.44,3.14,3.35,1.0,"多头排列,强势上涨(3日+1.4%),量价齐升"
603288,海天味业,38.51,1.91,31104463,83.5,S,100,100,77.5,71.1,4.02,6.79,3.63,1.0,"多头排列,强势上涨(3日+4.0%),量价齐升"
688475,萤石网络,28.52,1.49,6958426,83.5,S,40,100,92.5,36.0,1.71,4.32,-6.52,0.29,"强势上涨(3日+1.7%),放量上涨,MACD金叉"
000900,现代投资,4.35,-0.23,15075946,83.5,S,100,80,92.5,60.0,-0.68,0.69,1.87,0.9,"多头排列,趋势向上,量价齐升"
000507,珠海港,5.7,0.0,21133380,83.5,S,100,50,92.5,58.5,-1.21,-2.73,4.2,0.77,"多头排列,量价齐升,MACD金叉"
600023,浙能电力,5.48,-1.62,76798119,83.5,S,100,80,70.0,73.1,-3.01,1.48,10.04,0.77,"多头排列,趋势向上,量价齐升"
002352,顺丰控股,37.7,-0.95,19089548,83.5,S,40,100,100.0,50.5,0.96,1.81,-3.26,0.4,"强势上涨(3日+1.0%),量价齐升,MACD金叉"
000876,新 希 望,8.87,0.0,43885983,83.5,S,100,80,77.5,66.2,-0.78,1.84,1.95,0.4,"多头排列,趋势向上,MACD金叉"
002011,盾安环境,13.25,-0.6,21773594,83.5,S,100,80,92.5,58.8,-0.75,1.07,5.16,0.78,"多头排列,趋势向上,MACD金叉"
600919,江苏银行,10.92,1.58,120639254,83.5,S,100,100,77.5,74.6,2.44,4.3,4.7,1.0,"多头排列,强势上涨(3日+2.4%),量价齐升"
600050,中国联通,5.03,-0.79,187990324,83.5,S,100,80,70.0,69.6,0.0,2.86,3.5,0.33,"多头排列,趋势向上,量价齐升"
300476,胜宏科技,289.05,3.89,37188999,83.5,S,100,100,92.5,57.7,3.05,1.78,6.52,0.58,"多头排列,强势上涨(3日+3.1%),放量上涨"
601998,中信银行,7.56,0.67,63446064,83.0,S,75,100,85.0,62.5,2.02,3.85,1.2,0.58,"偏多趋势,强势上涨(3日+2.0%),MACD金叉"
600731,湖南海利,7.86,0.0,15362200,83.0,S,100,100,75.0,57.7,0.13,3.83,5.5,0.89,"多头排列,强势上涨(3日+0.1%),量价齐升"
301552,科力装备,40.37,0.32,665250,83.0,S,75,80,92.5,50.1,-0.52,4.8,0.15,0.79,"偏多趋势,趋势向上,量价齐升"
002031,巨轮智能,7.45,5.23,108272254,83.0,S,40,100,82.5,40.7,4.78,5.37,-3.37,0.25,"强势上涨(3日+4.8%),量价齐升,KDJ金叉"
002761,浙江建投,8.39,-1.64,13034046,83.0,S,75,50,100.0,45.8,-1.41,2.57,-2.89,0.45,"偏多趋势,量价齐升,MACD金叉"
002551,尚荣医疗,3.8,0.0,10253686,83.0,S,75,50,100.0,48.9,1.33,4.97,-2.56,0.56,"偏多趋势,量价齐升,MACD金叉"
601528,瑞丰银行,5.64,0.71,20863490,83.0,S,75,100,85.0,66.7,1.44,3.49,0.89,0.76,"偏多趋势,强势上涨(3日+1.4%),放量上涨"
600805,悦达投资,5.79,2.66,34413149,83.0,S,75,100,85.0,54.4,4.32,5.27,1.22,0.78,"偏多趋势,强势上涨(3日+4.3%),放量上涨"
603858,步长制药,16.99,0.35,4796160,83.0,S,75,100,100.0,51.5,0.77,2.04,-2.19,0.67,"偏多趋势,强势上涨(3日+0.8%),MACD金叉"
002646,天佑德酒,8.62,0.94,5489541,83.0,S,40,100,82.5,40.5,0.82,1.29,-6.61,0.21,"强势上涨(3日+0.8%),量价齐升,KDJ金叉"
603367,辰欣药业,17.0,-0.53,3736600,83.0,S,75,50,100.0,44.7,-0.53,2.53,-2.86,0.27,"偏多趋势,缩量回调,MACD金叉"
300595,欧普康视,15.91,1.66,10138265,83.0,S,75,100,85.0,56.4,3.51,2.51,-0.06,0.62,"偏多趋势,强势上涨(3日+3.5%),放量上涨"
000788,北大医药,6.06,-0.33,10293500,83.0,S,75,50,100.0,47.4,-0.66,2.68,-2.13,0.25,"偏多趋势,缩量回调,MACD金叉"
600488,津药药业,4.21,-0.24,6228092,83.0,S,75,100,100.0,49.1,0.48,1.45,-1.64,0.62,"偏多趋势,强势上涨(3日+0.5%),MACD金叉"
002775,文科股份,4.43,-0.67,9685200,83.0,S,75,50,100.0,47.1,-0.45,5.98,-0.45,0.52,"偏多趋势,量价齐升,MACD金叉"
002543,万和电气,9.5,-2.96,33691167,83.0,S,75,100,85.0,54.3,6.74,6.03,0.85,0.45,"偏多趋势,强势上涨(3日+6.7%),MACD金叉"
688089,嘉必优,20.1,1.06,3539829,83.0,S,75,100,85.0,53.9,1.52,6.63,3.18,0.31,"偏多趋势,强势上涨(3日+1.5%),放量上涨"
600939,重庆建工,3.2,-3.03,28237500,83.0,S,75,50,85.0,46.4,-2.14,0.95,-0.62,0.16,"偏多趋势,量价齐升,MACD金叉"
001298,好上好,31.5,2.47,8650209,83.0,S,75,100,85.0,51.6,3.38,8.17,2.57,0.52,"偏多趋势,强势上涨(3日+3.4%),MACD金叉"
300284,苏交科,7.22,-0.82,8788213,83.0,S,75,50,85.0,50.0,-2.04,1.69,-2.3,0.11,"偏多趋势,量价齐升,MACD金叉"
600212,绿能慧充,7.76,2.37,14733907,83.0,S,75,100,92.5,49.3,0.65,7.03,0.13,0.38,"偏多趋势,强势上涨(3日+0.6%),缩量回调"
000777,中核科技,26.7,-0.52,38773487,82.8,S,100,100,85.0,58.5,6.37,11.3,5.66,0.61,"多头排列,强势上涨(3日+6.4%),缩量回调"
300879,大叶股份,24.49,-3.09,7747170,82.8,S,40,100,100.0,46.1,2.81,6.2,-3.58,0.22,"强势上涨(3日+2.8%),量价齐升,MACD金叉"
000911,广农糖业,7.13,0.71,14064101,82.8,S,100,50,92.5,63.0,0.85,2.3,5.16,0.41,"多头排列,量价齐升,MACD金叉"
301096,百诚医药,51.48,-1.55,1996818,82.8,S,100,50,92.5,59.6,0.57,17.29,4.0,0.46,"多头排列,量价齐升,MACD金叉"
300585,奥联电子,16.67,1.4,4053200,82.8,S,40,100,100.0,51.1,1.09,7.13,-8.36,0.16,"强势上涨(3日+1.1%),量价齐升,MACD金叉"
300765,新诺威,32.0,6.7,14027997,82.8,S,40,100,100.0,44.4,4.85,6.56,-8.44,0.19,"强势上涨(3日+4.8%),量价齐升,MACD金叉"
000546,金圆股份,6.12,-3.92,39019200,82.8,S,100,50,100.0,54.3,-1.92,0.33,5.52,0.21,"多头排列,MACD金叉,KDJ金叉"
601166,兴业银行,18.83,0.0,71595899,82.8,S,100,100,85.0,64.0,0.11,2.11,-0.26,0.29,"多头排列,强势上涨(3日+0.1%),MACD金叉"
600135,乐凯胶片,10.44,-1.79,33647075,82.8,S,100,50,92.5,59.4,-6.95,19.18,4.5,0.44,"多头排列,量价齐升,MACD金叉"
603218,日月股份,15.82,-4.98,61648353,82.8,S,100,100,70.0,69.5,2.26,14.97,13.98,0.79,"多头排列,强势上涨(3日+2.3%),量价齐升"
000661,长春高新,91.24,1.38,4299935,82.8,S,40,100,100.0,55.5,1.18,1.46,0.96,0.24,"强势上涨(3日+1.2%),量价齐升,MACD金叉"
002987,京北方,18.39,4.07,22916175,82.8,S,40,100,100.0,44.1,0.66,2.17,-7.03,0.19,"强势上涨(3日+0.7%),量价齐升,MACD金叉"
002179,中航光电,35.36,-0.56,34063717,82.8,S,100,80,85.0,52.2,-6.41,1.23,1.61,0.37,"多头排列,趋势向上,量价齐升"
603690,至纯科技,27.25,3.42,12335644,82.8,S,40,100,100.0,42.4,2.79,0.7,-2.54,0.12,"强势上涨(3日+2.8%),量价齐升,MACD金叉"
688349,三一重能,28.27,-2.69,14456736,82.8,S,100,80,85.0,63.1,-5.61,8.11,3.33,0.65,"多头排列,趋势向上,量价齐升"
300587,天铁科技,6.53,-0.61,20211315,82.8,S,100,50,92.5,47.8,-1.8,5.32,7.93,0.48,"多头排列,量价齐升,MACD金叉"
300430,诚益通,20.8,-0.48,14105140,82.8,S,40,100,100.0,42.1,1.66,5.16,-5.37,0.29,"强势上涨(3日+1.7%),量价齐升,MACD金叉"
300057,万顺新材,6.42,1.74,33950736,82.8,S,100,100,92.5,61.8,0.31,6.47,7.0,0.84,"多头排列,强势上涨(3日+0.3%),量价齐升"
600103,青山纸业,3.73,2.47,72853778,82.8,S,40,100,100.0,47.0,1.08,1.36,-2.36,0.12,"强势上涨(3日+1.1%),量价齐升,MACD金叉"
301010,晶雪节能,23.31,-0.47,3504575,82.2,S,75,100,92.5,51.1,3.05,12.39,-0.77,0.37,"偏多趋势,强势上涨(3日+3.1%),量价齐升"
300834,星辉环材,25.68,-0.16,1879676,82.2,S,75,100,92.5,54.1,0.67,9.32,-2.73,0.8,"偏多趋势,强势上涨(3日+0.7%),量价齐升"
688656,浩欧博,141.02,2.16,247968,82.2,S,75,50,100.0,53.2,1.23,1.45,-0.9,0.09,"偏多趋势,量价齐升,MACD金叉"
301421,波长光电,95.1,2.87,3806696,82.2,S,75,50,100.0,46.7,1.5,5.7,-0.48,0.25,"偏多趋势,量价齐升,MACD金叉"
603366,日出东方,10.08,-2.33,120055804,82.2,S,75,100,85.0,56.8,7.46,7.01,2.02,0.59,"偏多趋势,强势上涨(3日+7.5%),放量上涨"
603029,天鹅股份,20.33,-5.88,14422210,82.2,S,75,100,92.5,49.1,3.51,5.78,-0.68,0.67,"偏多趋势,强势上涨(3日+3.5%),量价齐升"
002607,中公教育,2.88,-1.37,140937517,82.2,S,75,80,92.5,55.2,-0.69,5.49,0.0,0.44,"偏多趋势,趋势向上,量价齐升"
301160,翔楼新材,65.36,0.69,2188456,82.2,S,75,50,100.0,49.3,0.28,2.75,3.84,0.17,"偏多趋势,量价齐升,MACD金叉"
301345,涛涛车业,205.5,-1.67,610693,82.2,S,75,50,100.0,46.5,-2.9,0.84,-6.34,0.17,"偏多趋势,量价齐升,MACD金叉"
300261,雅本化学,7.32,0.0,36593154,82.2,S,75,100,92.5,54.5,0.83,7.17,-2.4,0.7,"偏多趋势,强势上涨(3日+0.8%),量价齐升"
002285,世联行,3.1,3.68,83321425,82.2,S,75,100,85.0,59.0,7.27,15.67,8.01,0.59,"偏多趋势,强势上涨(3日+7.3%),放量上涨"
601818,光大银行,3.31,-0.6,241249400,82.2,S,75,80,92.5,55.2,-0.6,1.53,-0.6,0.43,"偏多趋势,趋势向上,量价齐升"
000001,平安银行,10.92,-0.09,71560301,82.2,S,75,80,100.0,50.7,-0.18,0.37,-1.36,0.22,"偏多趋势,趋势向上,MACD金叉"
688697,纽威数控,15.82,-1.86,5665845,82.2,S,75,80,92.5,52.5,-2.65,4.49,2.66,0.55,"偏多趋势,趋势向上,量价齐升"
000045,深纺织Ａ,13.16,1.54,8682200,82.2,S,75,100,92.5,49.9,0.15,7.52,1.62,0.76,"偏多趋势,强势上涨(3日+0.2%),量价齐升"
600745,闻泰科技,33.89,2.36,32300418,82.2,S,75,100,92.5,51.2,1.44,9.22,-3.67,0.34,"偏多趋势,强势上涨(3日+1.4%),量价齐升"
001300,三柏硕,17.27,2.25,2597500,82.2,S,75,100,92.5,48.8,1.35,8.01,0.41,0.74,"偏多趋势,强势上涨(3日+1.3%),量价齐升"
600438,通威股份,18.79,-2.74,78191053,82.2,S,75,50,100.0,56.8,-3.89,-1.52,-4.13,0.17,"偏多趋势,量价齐升,MACD金叉"
605068,明新旭腾,28.16,-1.4,3122500,82.2,S,75,100,92.5,50.3,0.21,3.53,3.34,0.67,"偏多趋势,强势上涨(3日+0.2%),量价齐升"
603906,龙蟠科技,18.96,1.44,16849600,82.2,S,75,100,85.0,54.7,1.72,8.97,3.83,0.42,"偏多趋势,强势上涨(3日+1.7%),放量上涨"
600520,三佳科技,28.05,3.81,5273407,82.2,S,75,100,92.5,47.5,2.11,6.05,-1.09,0.71,"偏多趋势,强势上涨(3日+2.1%),量价齐升"
002175,东方智造,3.54,2.02,105089140,82.2,S,75,100,85.0,60.2,2.31,14.56,-1.12,0.29,"偏多趋势,强势上涨(3日+2.3%),MACD金叉"
688091,上海谊众,54.87,3.67,4300094,82.2,S,75,100,92.5,57.7,4.51,18.08,1.61,0.61,"偏多趋势,强势上涨(3日+4.5%),量价齐升"
300955,嘉亨家化,35.45,-2.93,2008286,82.2,S,75,50,100.0,45.0,-2.48,3.81,-5.01,0.17,"偏多趋势,量价齐升,MACD金叉"
000008,神州高铁,2.93,-2.01,56413444,82.0,S,40,100,100.0,40.0,0.69,2.09,-4.25,0.24,"强势上涨(3日+0.7%),MACD金叉,KDJ金叉"
688289,圣湘生物,18.93,3.56,9791568,82.0,S,40,100,100.0,41.7,3.95,4.7,-5.82,0.22,"强势上涨(3日+4.0%),MACD金叉,KDJ金叉"
000913,钱江摩托,16.02,0.69,6041700,82.0,S,100,80,85.0,57.4,-0.19,5.46,1.78,0.9,"多头排列,趋势向上,量价齐升"
600322,津投城开,2.37,0.85,17615100,82.0,S,40,100,100.0,42.3,2.16,5.8,-3.66,0.56,"强势上涨(3日+2.2%),放量上涨,MACD金叉"
002030,达安基因,6.23,0.65,12351796,82.0,S,40,100,100.0,42.9,0.65,4.53,-4.89,0.17,"强势上涨(3日+0.6%),MACD金叉,KDJ金叉"
603515,欧普照明,19.01,1.55,1397099,82.0,S,40,100,92.5,49.2,2.65,4.34,-2.66,0.49,"强势上涨(3日+2.6%),量价齐升,MACD金叉"
002059,云南旅游,5.18,1.77,12380868,82.0,S,40,100,100.0,49.4,1.37,4.02,-4.07,0.29,"强势上涨(3日+1.4%),MACD金叉,KDJ金叉"
600182,S佳通,14.4,-0.55,1204202,82.0,S,40,80,92.5,37.6,-1.84,1.48,-4.13,0.22,"趋势向上,量价齐升,MACD金叉"
603718,海利生物,4.92,1.23,11569233,82.0,S,40,100,100.0,46.5,1.23,4.9,-9.39,0.1,"强势上涨(3日+1.2%),MACD金叉,KDJ金叉"
000927,中国铁物,3.14,2.28,118781754,82.0,S,100,100,77.5,70.7,3.29,8.28,9.41,1.0,"多头排列,强势上涨(3日+3.3%),放量上涨"
000610,西安旅游,9.61,3.22,8453002,82.0,S,40,100,100.0,47.8,2.56,4.68,-9.85,0.1,"强势上涨(3日+2.6%),MACD金叉,KDJ金叉"
600017,日照港,3.28,0.0,43010700,82.0,S,100,80,85.0,67.3,-0.61,1.55,4.46,0.94,"多头排列,趋势向上,量价齐升"
601007,金陵饭店,8.16,1.37,9288870,82.0,S,40,100,92.5,50.3,2.38,4.35,-2.74,0.59,"强势上涨(3日+2.4%),量价齐升,MACD金叉"
000731,四川美丰,8.12,-0.25,71582861,82.0,S,100,100,92.5,64.3,2.14,4.91,16.33,0.78,"多头排列,强势上涨(3日+2.1%),量价齐升"
000557,西部创业,5.15,-0.19,14556800,82.0,S,100,80,85.0,63.9,-0.19,1.18,2.18,0.78,"多头排列,趋势向上,MACD金叉"
002226,江南化工,6.19,-1.75,41719166,82.0,S,100,50,85.0,50.0,-2.98,0.98,0.49,0.64,"多头排列,量价齐升,MACD金叉"
688425,铁建重工,5.33,-3.79,70530613,82.0,S,100,50,85.0,50.0,-1.84,1.33,0.0,0.66,"多头排列,量价齐升,MACD金叉"
002714,牧原股份,49.74,-0.1,38514278,82.0,S,100,80,77.5,74.8,-1.68,6.9,6.62,0.76,"多头排列,趋势向上,缩量回调"
600998,九州通,5.32,0.19,28550211,82.0,S,100,50,92.5,58.6,-0.37,0.95,1.72,0.47,"多头排列,MACD金叉,KDJ金叉"
600502,安徽建工,4.95,-1.0,29725392,82.0,S,100,80,85.0,64.5,-0.2,3.77,4.87,0.9,"多头排列,趋势向上,量价齐升"
301355,南王科技,13.13,0.31,3094971,82.0,S,40,100,100.0,42.6,0.54,5.21,-2.52,0.19,"强势上涨(3日+0.5%),MACD金叉,KDJ金叉"
002419,天虹股份,5.78,2.48,39157582,82.0,S,40,100,92.5,57.0,3.21,6.06,-2.2,0.54,"强势上涨(3日+3.2%),量价齐升,MACD金叉"
002915,中欣氟材,22.48,1.17,6398879,82.0,S,40,100,100.0,40.5,0.94,4.46,-3.48,0.28,"强势上涨(3日+0.9%),MACD金叉,KDJ金叉"
600540,新赛股份,5.46,1.11,42059714,82.0,S,100,100,92.5,61.6,0.74,1.87,10.98,0.8,"多头排列,强势上涨(3日+0.7%),量价齐升"
600812,华北制药,5.67,-0.35,26741831,82.0,S,100,50,85.0,55.8,-2.24,1.61,1.25,0.39,"多头排列,量价齐升,MACD金叉"
001213,中铁特货,4.28,-0.93,25709800,82.0,S,100,80,92.5,60.4,-0.7,1.18,1.9,0.86,"多头排列,趋势向上,放量上涨"
600838,上海九百,11.17,4.2,25184510,82.0,S,40,100,92.5,50.7,4.69,6.58,-6.61,0.45,"强势上涨(3日+4.7%),量价齐升,MACD金叉"
300832,新产业,51.8,-1.28,3394906,82.0,S,100,50,77.5,48.0,-3.48,-0.86,-4.15,0.1,"多头排列,MACD金叉,接近支撑位(+21.3%空间)"
000429,粤高速Ａ,12.83,2.31,12114898,82.0,S,100,100,77.5,76.6,2.72,4.91,3.38,1.0,"多头排列,强势上涨(3日+2.7%),放量上涨"
000404,长虹华意,7.25,-1.23,14981238,82.0,S,100,50,85.0,50.8,-2.42,1.54,0.97,0.75,"多头排列,量价齐升,MACD金叉"
688660,电气风电,14.67,-5.05,33319321,82.0,S,100,80,77.5,58.3,-3.99,8.27,2.88,0.28,"多头排列,趋势向上,量价齐升"
600775,南京熊猫,15.92,-1.97,111928980,82.0,S,100,100,85.0,63.0,0.76,17.49,8.67,0.59,"多头排列,强势上涨(3日+0.8%),放量上涨"
000965,天保基建,4.02,0.25,18820358,82.0,S,40,100,100.0,48.0,0.75,2.29,-3.37,0.54,"强势上涨(3日+0.8%),放量上涨,MACD金叉"
002481,双塔食品,4.92,0.61,9770900,82.0,S,40,100,100.0,45.2,1.03,2.71,-4.28,0.25,"强势上涨(3日+1.0%),MACD金叉,KDJ金叉"
002489,浙江永强,3.62,-0.82,28321806,82.0,S,40,100,100.0,41.3,0.56,2.84,-4.49,0.29,"强势上涨(3日+0.6%),MACD金叉,KDJ金叉"
301587,中瑞股份,25.04,0.28,1866700,81.5,S,75,100,92.5,48.9,0.81,8.3,0.24,0.8,"偏多趋势,强势上涨(3日+0.8%),MACD金叉"
301381,赛维时代,20.66,2.53,3585383,81.5,S,40,100,75.0,34.2,2.33,3.15,-9.86,0.22,"强势上涨(3日+2.3%),量价齐升,KDJ金叉"
600682,南京新百,7.18,0.0,12126461,81.5,S,75,50,100.0,55.2,-1.24,2.13,0.0,0.11,"偏多趋势,MACD金叉,KDJ金叉"
300860,锋尚文化,27.08,3.75,3114618,81.5,S,40,100,82.5,41.7,3.36,3.75,-7.89,0.24,"强势上涨(3日+3.4%),放量上涨,KDJ金叉"
600887,伊利股份,26.84,0.49,38830548,81.5,S,75,100,92.5,61.9,0.49,3.51,-0.89,0.34,"偏多趋势,强势上涨(3日+0.5%),MACD金叉"
000895,双汇发展,28.5,2.04,16598592,81.5,S,100,100,67.5,84.4,2.59,6.46,7.06,1.0,"多头排列,强势上涨(3日+2.6%),量价齐升"
002825,纳尔股份,10.98,0.27,3820372,81.5,S,75,50,100.0,46.8,-0.09,4.77,0.09,0.24,"偏多趋势,MACD金叉,KDJ金叉"
300110,华仁药业,3.3,-0.3,20457075,81.5,S,75,50,92.5,50.9,0.92,4.76,-1.49,0.55,"偏多趋势,量价齐升,MACD金叉"
603375,盛景微,39.23,0.9,1452297,81.5,S,75,80,92.5,52.5,-1.13,8.16,2.21,0.75,"偏多趋势,趋势向上,放量上涨"
603406,天富龙,38.73,0.23,2009606,81.5,S,75,80,92.5,48.2,-3.1,5.39,-0.56,0.57,"偏多趋势,趋势向上,MACD金叉"
002098,浔兴股份,9.66,1.9,5918100,81.5,S,40,100,75.0,36.7,1.79,2.01,-7.47,0.15,"强势上涨(3日+1.8%),量价齐升,KDJ金叉"
002327,富安娜,6.99,-0.57,5934440,81.5,S,75,100,92.5,51.5,0.14,2.34,-1.55,0.75,"偏多趋势,强势上涨(3日+0.1%),MACD金叉"
002302,西部建设,6.37,-1.85,25476627,81.5,S,100,50,67.5,50.5,-1.85,-1.09,4.26,0.59,"多头排列,量价齐升,波动适中"
600521,华海药业,15.83,0.0,12232267,81.5,S,75,50,100.0,47.2,-0.94,3.33,-1.62,0.21,"偏多趋势,MACD金叉,KDJ金叉"
603811,诚意药业,11.85,1.37,8829092,81.5,S,75,100,92.5,54.5,1.02,5.99,1.63,0.64,"偏多趋势,强势上涨(3日+1.0%),MACD金叉"
001382,新亚电缆,22.87,2.42,11721756,81.5,S,100,100,67.5,81.1,2.65,9.48,9.9,1.0,"多头排列,强势上涨(3日+2.6%),量价齐升"
603196,日播时尚,28.23,1.88,7089900,81.2,S,100,100,85.0,63.3,4.94,10.19,10.75,0.89,"多头排列,强势上涨(3日+4.9%),量价齐升"
000966,长源电力,4.8,-3.03,84833067,81.2,S,100,50,85.0,57.4,-7.16,2.35,6.43,0.59,"多头排列,量价齐升,MACD金叉"
000998,隆平高科,10.86,2.45,76962596,81.2,S,100,100,85.0,67.1,2.65,5.33,10.03,0.9,"多头排列,强势上涨(3日+2.6%),量价齐升"
002451,摩恩电气,10.93,-1.09,18935934,81.2,S,100,50,85.0,57.3,-2.58,5.3,4.0,0.42,"多头排列,量价齐升,MACD金叉"
688619,罗普特,15.43,-1.09,4170354,81.2,S,100,80,77.5,60.9,-4.64,5.76,5.32,0.72,"多头排列,趋势向上,量价齐升"
600098,广州发展,7.68,-2.41,37971256,81.2,S,100,80,77.5,68.1,-4.6,0.13,9.56,0.75,"多头排列,趋势向上,量价齐升"
300767,震安科技,20.66,0.68,4951115,81.2,S,100,50,85.0,48.4,-2.22,7.55,11.56,0.57,"多头排列,量价齐升,MACD金叉"
603165,荣晟环保,13.99,-4.37,12413428,81.2,S,100,50,85.0,51.2,-8.38,5.66,-2.3,0.57,"多头排列,量价齐升,MACD金叉"
002213,大为股份,29.87,5.25,48678089,81.2,S,100,100,85.0,62.3,12.0,14.8,14.01,0.75,"多头排列,强势上涨(3日+12.0%),MACD金叉"
003023,彩虹集团,25.03,1.58,5765137,81.2,S,100,100,85.0,57.8,1.71,10.65,4.42,0.82,"多头排列,强势上涨(3日+1.7%),量价齐升"
000690,宝新能源,4.82,-2.43,100346150,81.2,S,100,80,77.5,65.5,-5.49,4.33,9.05,0.69,"多头排列,趋势向上,量价齐升"
300641,正丹股份,22.53,0.85,50027426,81.2,S,100,100,85.0,63.0,9.69,21.39,7.75,1.0,"多头排列,强势上涨(3日+9.7%),量价齐升"
000543,皖能电力,8.61,-3.15,59395834,81.2,S,100,50,85.0,60.8,-7.72,-0.35,7.89,0.53,"多头排列,量价齐升,MACD金叉"
002311,海大集团,57.74,2.18,12702139,81.2,S,100,100,85.0,67.9,2.19,6.83,7.32,1.0,"多头排列,强势上涨(3日+2.2%),量价齐升"
300400,劲拓股份,23.47,1.38,18762952,81.2,S,100,100,85.0,65.8,4.78,11.71,12.62,1.0,"多头排列,强势上涨(3日+4.8%),量价齐升"
300999,金龙鱼,31.47,-0.41,24023058,81.2,S,100,100,85.0,64.8,2.98,8.03,4.38,0.88,"多头排列,强势上涨(3日+3.0%),量价齐升"
600032,浙江新能,8.63,-4.0,43859975,81.2,S,100,80,77.5,63.5,-6.6,3.85,7.88,0.69,"多头排列,趋势向上,量价齐升"
000717,中南股份,2.69,-5.28,70015159,81.2,S,100,50,85.0,54.9,-2.89,-0.74,1.89,0.58,"多头排列,量价齐升,MACD金叉"
301419,阿莱德,38.78,5.96,6195381,81.2,S,100,100,85.0,60.6,4.53,10.96,11.18,1.0,"多头排列,强势上涨(3日+4.5%),量价齐升"
002466,天齐锂业,53.58,-1.05,28053727,81.2,S,100,50,100.0,51.0,-0.04,3.88,6.42,0.31,"多头排列,量价齐升,MACD金叉"
002453,华软科技,6.21,0.0,9983400,81.2,S,100,50,85.0,52.0,-0.8,3.5,1.47,0.51,"多头排列,量价齐升,MACD金叉"
600769,祥龙电业,14.71,3.01,28127401,81.2,S,100,100,85.0,63.4,0.07,15.28,19.4,0.9,"多头排列,强势上涨(3日+0.1%),量价齐升"
000967,盈峰环境,8.85,-1.67,46213220,81.2,S,100,80,77.5,69.3,-4.84,8.99,23.26,0.77,"多头排列,趋势向上,量价齐升"
605259,绿田机械,22.61,-2.04,2297000,81.2,S,100,50,100.0,50.8,-2.67,2.12,2.26,0.64,"多头排列,量价齐升,MACD金叉"
603863,松炀资源,21.1,1.83,8600900,81.2,S,100,100,85.0,60.2,7.16,7.11,2.53,0.84,"多头排列,强势上涨(3日+7.2%),量价齐升"
605258,协和电子,36.63,2.55,3815791,81.2,S,100,100,85.0,59.4,0.99,11.34,8.73,0.92,"多头排列,强势上涨(3日+1.0%),量价齐升"
601991,大唐发电,4.33,-8.65,654750939,81.2,S,100,80,77.5,66.7,-5.46,8.25,15.78,0.68,"多头排列,趋势向上,量价齐升"
000823,超声电子,16.24,2.53,40483408,81.2,S,100,100,85.0,58.1,4.17,8.63,13.81,0.9,"多头排列,强势上涨(3日+4.2%),量价齐升"
600794,保税科技,4.14,3.76,48261398,81.2,S,100,100,85.0,66.1,1.72,0.73,8.66,1.0,"多头排列,强势上涨(3日+1.7%),量价齐升"
300599,雄塑科技,10.91,4.5,21273269,81.2,S,100,100,85.0,67.6,4.8,5.51,8.02,0.93,"多头排列,强势上涨(3日+4.8%),量价齐升"
002403,爱仕达,11.52,0.61,5066795,81.2,S,40,100,92.5,37.9,2.86,2.77,-6.72,0.28,"强势上涨(3日+2.9%),量价齐升,MACD金叉"
600241,时代万恒,9.31,0.43,10099100,81.2,S,100,100,85.0,60.0,1.97,11.36,6.28,1.0,"多头排列,强势上涨(3日+2.0%),量价齐升"
601700,风范股份,6.16,-2.22,50317307,81.2,S,100,50,85.0,53.8,-8.06,7.5,8.64,0.59,"多头排列,量价齐升,MACD金叉"
300939,秋田微,39.62,5.43,9572725,81.2,S,100,100,85.0,60.4,4.37,18.27,11.1,1.0,"多头排列,强势上涨(3日+4.4%),量价齐升"
300632,光莆股份,15.46,3.97,16278700,81.2,S,100,100,85.0,63.2,4.11,12.6,10.67,0.84,"多头排列,强势上涨(3日+4.1%),量价齐升"
001207,联科科技,29.44,-4.85,14364971,81.2,S,100,80,77.5,59.5,-9.28,10.34,8.71,0.67,"多头排列,趋势向上,量价齐升"
600191,华资实业,12.85,-0.77,4800804,81.2,S,100,50,85.0,54.8,-3.38,2.88,3.21,0.51,"多头排列,量价齐升,MACD金叉"
300080,易成新能,5.89,-3.13,109360959,81.2,S,100,100,85.0,68.6,2.43,7.88,7.48,0.86,"多头排列,强势上涨(3日+2.4%),量价齐升"
300073,当升科技,55.85,0.38,13835382,81.2,S,40,100,100.0,45.5,1.67,5.24,-0.36,0.29,"强势上涨(3日+1.7%),放量上涨,MACD金叉"
002176,江特电机,10.0,-0.1,45841084,81.2,S,100,50,100.0,58.1,-0.3,0.6,8.34,0.54,"多头排列,缩量回调,MACD金叉"
003010,若羽臣,29.86,1.77,9520396,81.2,S,40,100,92.5,36.3,4.41,3.82,-15.48,0.13,"强势上涨(3日+4.4%),量价齐升,MACD金叉"
300050,世纪鼎利,6.52,5.67,40928000,81.2,S,100,100,85.0,62.3,4.49,11.84,7.59,1.0,"多头排列,强势上涨(3日+4.5%),量价齐升"
600888,新疆众和,9.29,-2.0,109154604,81.2,S,100,80,77.5,56.3,-7.19,1.53,6.9,0.7,"多头排列,趋势向上,量价齐升"
000727,冠捷科技,2.82,2.17,155022310,81.2,S,100,100,85.0,66.7,1.81,11.46,8.46,1.0,"多头排列,强势上涨(3日+1.8%),量价齐升"
300486,东杰智能,25.36,4.49,25519931,81.2,S,100,100,85.0,55.9,5.89,12.66,15.54,1.0,"多头排列,强势上涨(3日+5.9%),量价齐升"
301053,远信工业,37.31,2.73,2765308,81.2,S,100,100,85.0,63.2,0.08,15.19,5.07,0.91,"多头排列,强势上涨(3日+0.1%),量价齐升"
002729,好利科技,20.42,5.2,19408650,81.2,S,100,100,85.0,62.6,2.72,15.04,5.91,1.0,"多头排列,强势上涨(3日+2.7%),量价齐升"
001324,长青科技,20.72,-1.38,4762773,81.2,S,100,100,85.0,58.0,0.97,4.65,5.71,0.91,"多头排列,强势上涨(3日+1.0%),量价齐升"
600996,贵广网络,8.65,6.4,66135755,81.2,S,40,100,100.0,47.6,6.79,9.77,-5.26,0.25,"强势上涨(3日+6.8%),放量上涨,MACD金叉"
301043,绿岛风,60.01,9.69,3747637,81.2,S,40,100,100.0,47.9,11.92,9.57,-7.31,0.28,"强势上涨(3日+11.9%),放量上涨,MACD金叉"
301155,海力风电,85.48,0.07,8509557,81.2,S,100,80,85.0,65.4,-5.27,13.64,18.82,0.67,"多头排列,趋势向上,放量上涨"
601568,北元集团,4.51,-4.25,89122634,81.2,S,100,80,92.5,54.9,-3.01,5.13,6.62,0.8,"多头排列,趋势向上,缩量回调"
301499,维科精密,33.53,-4.96,5590866,81.2,S,100,50,85.0,54.7,-9.62,7.06,9.11,0.59,"多头排列,量价齐升,MACD金叉"
301395,仁信新材,16.38,-0.3,5165474,81.2,S,100,100,85.0,67.1,1.49,8.48,10.15,0.99,"多头排列,强势上涨(3日+1.5%),量价齐升"
301456,盘古智能,32.59,-0.49,6769876,81.2,S,100,100,85.0,61.6,2.42,12.92,6.89,0.82,"多头排列,强势上涨(3日+2.4%),量价齐升"
301555,惠柏新材,40.78,-1.16,3852200,81.2,S,100,100,85.0,56.7,1.32,16.68,16.58,0.96,"多头排列,强势上涨(3日+1.3%),量价齐升"
600423,柳化股份,4.07,-1.21,39179910,81.2,S,100,100,85.0,54.5,0.25,4.63,3.3,0.9,"多头排列,强势上涨(3日+0.2%),量价齐升"
601117,中国化学,9.52,-6.11,257069196,81.2,S,100,80,77.5,63.7,-4.51,4.04,11.87,0.78,"多头排列,趋势向上,量价齐升"
688578,艾力斯,95.5,1.05,2957525,81.2,S,100,50,85.0,50.5,0.67,6.11,-0.1,0.29,"多头排列,缩量回调,MACD金叉"
002846,英联股份,15.35,3.79,12473834,81.2,S,40,100,100.0,44.4,3.86,1.72,-3.15,0.19,"强势上涨(3日+3.9%),放量上涨,MACD金叉"
300615,欣天科技,15.11,0.67,13788600,81.2,S,100,80,77.5,54.0,-1.95,7.39,3.99,0.74,"多头排列,趋势向上,量价齐升"
300082,奥克股份,10.77,0.75,21399388,81.2,S,100,80,85.0,61.0,-2.0,10.8,8.79,0.74,"多头排列,趋势向上,放量上涨"
300866,安克创新,98.73,1.68,4491647,81.2,S,40,100,92.5,48.4,3.02,1.68,-4.27,0.23,"强势上涨(3日+3.0%),量价齐升,MACD金叉"
603395,红四方,32.74,-0.79,9309387,81.2,S,100,100,85.0,62.6,1.3,8.09,7.1,0.93,"多头排列,强势上涨(3日+1.3%),量价齐升"
002632,道明光学,14.15,6.55,59308500,81.2,S,100,100,85.0,57.9,3.36,9.44,13.56,1.0,"多头排列,强势上涨(3日+3.4%),量价齐升"
688065,凯赛生物,56.4,-0.34,13508663,80.8,S,75,100,85.0,55.6,1.66,4.44,3.13,0.64,"偏多趋势,强势上涨(3日+1.7%),量价齐升"
000505,京粮控股,7.65,4.65,53117810,80.8,S,75,100,85.0,66.8,4.08,4.51,6.25,0.36,"偏多趋势,强势上涨(3日+4.1%),量价齐升"
300689,澄天伟业,50.05,2.37,2830900,80.8,S,75,100,92.5,47.9,1.58,11.02,-5.67,0.48,"偏多趋势,强势上涨(3日+1.6%),MACD金叉"
603679,华体科技,15.88,-4.28,14375476,80.8,S,75,80,100.0,46.0,-2.04,7.3,-1.55,0.3,"偏多趋势,趋势向上,量价齐升"
002460,赣锋锂业,70.6,0.81,40225041,80.8,S,75,100,92.5,51.8,1.58,4.95,8.33,0.74,"偏多趋势,强势上涨(3日+1.6%),放量上涨"
603290,斯达半导,109.89,2.8,6708935,80.8,S,75,100,92.5,54.3,0.76,11.68,5.03,0.76,"偏多趋势,强势上涨(3日+0.8%),放量上涨"
300340,科恒股份,12.39,0.24,14198362,80.8,S,75,100,92.5,50.3,5.45,6.53,1.14,0.32,"偏多趋势,强势上涨(3日+5.4%),放量上涨"
002723,小崧股份,10.25,3.02,17988460,80.8,S,75,100,92.5,59.6,3.74,14.65,6.77,0.58,"偏多趋势,强势上涨(3日+3.7%),MACD金叉"
300688,创业黑马,31.18,2.13,7506930,80.8,S,75,100,92.5,54.6,2.46,12.93,0.48,0.57,"偏多趋势,强势上涨(3日+2.5%),MACD金叉"
601658,邮储银行,5.11,0.59,150864000,80.8,S,75,100,92.5,56.0,0.99,1.39,-1.35,0.39,"偏多趋势,强势上涨(3日+1.0%),放量上涨"
300120,经纬辉开,8.84,4.86,48915225,80.8,S,75,100,70.0,54.9,2.91,7.8,4.25,0.57,"偏多趋势,强势上涨(3日+2.9%),量价齐升"
300077,国民技术,23.05,-0.73,41555923,80.8,S,75,100,85.0,56.4,4.96,17.6,4.49,0.62,"偏多趋势,强势上涨(3日+5.0%),量价齐升"
301246,宏源药业,21.83,0.14,9860911,80.8,S,75,80,92.5,55.7,-0.86,9.37,-0.5,0.51,"偏多趋势,趋势向上,放量上涨"
301290,东星医疗,28.59,-2.09,2507295,80.8,S,75,80,100.0,44.7,-3.8,4.92,-1.62,0.76,"偏多趋势,趋势向上,量价齐升"
300035,中科电气,22.27,-2.71,84299338,80.8,S,75,100,85.0,56.4,10.25,10.8,6.56,0.67,"偏多趋势,强势上涨(3日+10.2%),量价齐升"
601988,中国银行,5.4,0.19,206924880,80.8,S,75,60,92.5,63.4,0.56,-0.37,0.37,0.28,"偏多趋势,短期反弹,放量上涨"
300350,华鹏飞,6.69,2.45,38399360,80.8,S,75,100,70.0,62.3,4.04,2.61,5.85,0.44,"偏多趋势,强势上涨(3日+4.0%),量价齐升"
000707,双环科技,6.63,-2.21,22307301,80.8,S,75,80,100.0,46.7,-1.34,2.79,-0.75,0.79,"偏多趋势,趋势向上,量价齐升"
301127,武汉天源,17.6,1.91,11965905,80.8,S,75,100,92.5,47.2,1.09,13.33,2.27,0.65,"偏多趋势,强势上涨(3日+1.1%),放量上涨"
000617,中油资本,9.77,10.02,423429486,80.8,S,75,100,85.0,63.4,7.6,3.17,8.92,0.8,"偏多趋势,强势上涨(3日+7.6%),量价齐升"
301188,力诺药包,18.12,1.63,4977158,80.8,S,75,100,92.5,51.2,0.67,6.71,-0.93,0.59,"偏多趋势,强势上涨(3日+0.7%),MACD金叉"
300530,领湃科技,28.66,1.81,2297475,80.8,S,75,100,92.5,49.6,1.92,8.97,-0.49,0.34,"偏多趋势,强势上涨(3日+1.9%),放量上涨"
300432,富临精工,18.68,5.84,88040168,80.8,S,75,100,85.0,53.7,7.79,14.04,1.52,0.7,"偏多趋势,强势上涨(3日+7.8%),量价齐升"
301152,天力锂能,29.81,1.05,2606620,80.8,S,75,100,92.5,49.2,1.36,5.41,-0.07,0.35,"偏多趋势,强势上涨(3日+1.4%),放量上涨"
600900,长江电力,27.36,-0.22,87203787,80.8,S,100,80,75.0,85.0,-0.51,1.45,4.23,0.79,"多头排列,趋势向上,量价齐升"
603071,物产环能,14.45,-2.1,5842200,80.5,S,100,80,77.5,67.2,-1.1,0.21,5.71,0.83,"多头排列,趋势向上,量价齐升"
002892,科力尔,12.29,4.06,16086647,80.5,S,40,100,100.0,41.2,3.45,5.49,-2.85,0.36,"强势上涨(3日+3.5%),量价齐升,MACD金叉"
600015,华夏银行,7.15,-0.14,86586600,80.5,S,100,100,62.5,77.3,1.56,5.3,8.17,0.99,"多头排列,强势上涨(3日+1.6%),量价齐升"
603382,海阳科技,30.46,0.66,929748,80.5,S,40,80,100.0,47.9,-1.52,4.71,-2.93,0.27,"趋势向上,缩量回调,MACD金叉"
603193,润本股份,22.73,1.56,1465190,80.5,S,40,100,92.5,39.9,1.56,1.84,-5.21,0.2,"强势上涨(3日+1.6%),MACD金叉,KDJ金叉"
002224,三 力 士,4.83,0.63,19433500,80.5,S,100,100,85.0,57.1,0.63,6.39,2.77,1.0,"多头排列,强势上涨(3日+0.6%),MACD金叉"
600116,三峡水利,6.9,-1.29,24292286,80.5,S,100,50,77.5,62.4,-3.09,0.88,4.23,0.73,"多头排列,量价齐升,MACD金叉"
300024,机器人,16.68,1.21,21212933,80.5,S,40,100,70.0,29.9,2.39,3.41,-5.17,0.17,"强势上涨(3日+2.4%),量价齐升,RSI超卖(30)"
002192,融捷股份,57.92,1.44,13797155,80.5,S,100,100,92.5,62.7,2.15,5.18,11.51,0.75,"多头排列,强势上涨(3日+2.2%),放量上涨"
600664,哈药股份,3.58,-0.28,24758012,80.5,S,100,50,92.5,62.5,-0.28,2.58,1.42,0.72,"多头排列,缩量回调,MACD金叉"
002852,道道全,11.98,0.93,18051957,80.5,S,100,100,85.0,68.3,7.73,12.28,4.81,1.0,"多头排列,强势上涨(3日+7.7%),MACD金叉"
002173,创新医疗,31.07,-2.02,115051716,80.5,S,100,100,85.0,57.2,4.44,13.19,6.29,0.66,"多头排列,强势上涨(3日+4.4%),量价齐升"
300122,智飞生物,16.4,1.36,14430394,80.5,S,40,80,100.0,41.4,-0.79,2.63,-6.66,0.17,"趋势向上,缩量回调,MACD金叉"
000564,供销大集,2.22,1.83,237829945,80.5,S,40,60,100.0,41.5,0.45,-0.89,-5.93,0.09,"短期反弹,量价齐升,MACD金叉"
000568,泸州老窖,108.62,0.7,11696323,80.5,S,40,100,92.5,38.7,3.27,1.04,-10.45,0.22,"强势上涨(3日+3.3%),MACD金叉,KDJ金叉"
600557,康缘药业,14.57,2.46,13244210,80.5,S,40,100,92.5,52.9,3.92,4.97,-1.69,0.53,"强势上涨(3日+3.9%),放量上涨,MACD金叉"
600928,西安银行,3.75,0.0,25457800,80.5,S,40,80,100.0,51.3,-0.79,0.81,-3.35,0.5,"趋势向上,量价齐升,MACD金叉"
600784,鲁银投资,7.29,-1.75,13318385,80.5,S,100,50,85.0,50.9,-3.06,1.53,1.25,0.6,"多头排列,MACD金叉,波动适中"
000885,城发环境,14.22,-1.93,9043957,80.5,S,100,80,77.5,62.9,-1.93,1.35,3.42,0.75,"多头排列,趋势向上,MACD金叉"
600211,西藏药业,44.2,0.89,6326211,80.5,S,100,100,85.0,63.4,5.09,5.54,3.49,0.77,"多头排列,强势上涨(3日+5.1%),MACD金叉"
600528,中铁工业,8.51,-2.41,32348200,80.5,S,100,50,77.5,58.0,-2.3,1.31,3.03,0.75,"多头排列,量价齐升,MACD金叉"
300894,火星人,11.28,-1.74,5115054,80.5,S,40,100,92.5,36.0,0.89,3.96,-6.39,0.23,"强势上涨(3日+0.9%),MACD金叉,KDJ金叉"
600535,天士力,14.3,0.28,5910828,80.5,S,40,100,100.0,40.5,0.14,1.42,-4.54,0.31,"强势上涨(3日+0.1%),量价齐升,MACD金叉"
600551,时代出版,8.51,0.83,5834221,80.5,S,40,80,100.0,49.7,-0.58,3.65,-2.07,0.48,"趋势向上,量价齐升,MACD金叉"
301308,江波龙,346.8,6.32,21876975,80.5,S,100,100,85.0,61.0,8.71,31.91,17.98,0.8,"多头排列,强势上涨(3日+8.7%),量价齐升"
000897,津滨发展,2.27,1.34,48362761,80.5,S,40,100,92.5,51.1,1.79,3.18,-1.73,0.56,"强势上涨(3日+1.8%),放量上涨,MACD金叉"
300129,泰胜风能,14.87,-4.37,140944840,80.5,S,100,100,85.0,61.2,0.81,15.36,7.13,0.75,"多头排列,强势上涨(3日+0.8%),量价齐升"
002867,周大生,12.26,0.33,7583798,80.5,S,40,100,92.5,40.0,0.25,1.41,-5.11,0.17,"强势上涨(3日+0.2%),MACD金叉,KDJ金叉"
600824,益民集团,4.34,-0.46,12118557,80.5,S,40,100,92.5,39.3,0.7,1.64,-6.06,0.13,"强势上涨(3日+0.7%),MACD金叉,KDJ金叉"
600576,祥源文旅,6.49,1.88,12937799,80.5,S,40,100,100.0,53.4,2.04,4.51,-4.28,0.61,"强势上涨(3日+2.0%),量价齐升,MACD金叉"
002074,国轩高科,38.84,0.28,37399207,80.5,S,100,80,85.0,58.2,-0.36,7.17,4.52,0.52,"多头排列,趋势向上,MACD金叉"
601611,中国核建,17.9,-6.82,290418965,80.5,S,100,100,85.0,63.6,2.52,15.63,13.51,0.75,"多头排列,强势上涨(3日+2.5%),量价齐升"
000789,万年青,5.82,1.22,10462960,80.5,S,100,100,85.0,63.2,1.22,2.65,2.28,0.98,"多头排列,强势上涨(3日+1.2%),MACD金叉"
002035,华帝股份,6.21,-0.96,8857700,80.5,S,40,100,100.0,47.4,0.65,0.65,-1.43,0.66,"强势上涨(3日+0.6%),量价齐升,MACD金叉"
002304,洋河股份,51.76,1.03,9560931,80.5,S,40,100,92.5,34.6,1.45,1.11,-7.01,0.1,"强势上涨(3日+1.5%),MACD金叉,KDJ金叉"
002061,浙江交科,4.16,-1.89,45619302,80.5,S,100,80,77.5,56.9,-2.35,1.46,0.97,0.67,"多头排列,趋势向上,MACD金叉"
603348,文灿股份,20.03,-0.35,2099800,80.5,S,40,100,100.0,45.0,1.01,3.84,-2.24,0.37,"强势上涨(3日+1.0%),量价齐升,MACD金叉"
300904,威力传动,65.5,-4.49,3176747,80.5,S,100,80,85.0,56.4,-0.18,11.04,6.02,0.52,"多头排列,趋势向上,量价齐升"
600377,宁沪高速,12.41,0.32,8179628,80.5,S,100,80,85.0,64.0,-0.16,1.72,2.31,0.98,"多头排列,趋势向上,放量上涨"
000713,国投丰乐,7.3,2.24,32188053,80.5,S,100,100,85.0,65.7,1.96,2.67,6.57,0.89,"多头排列,强势上涨(3日+2.0%),MACD金叉"
600976,健民集团,31.95,0.5,687610,80.5,S,40,100,92.5,35.5,1.3,0.16,-7.44,0.18,"强势上涨(3日+1.3%),MACD金叉,KDJ金叉"
002603,以岭药业,17.01,0.53,10110700,80.5,S,40,100,92.5,37.9,0.35,3.15,-5.97,0.17,"强势上涨(3日+0.4%),MACD金叉,KDJ金叉"
002616,长青集团,6.16,-0.48,15422682,80.5,S,100,50,77.5,66.4,-2.99,5.12,5.3,0.79,"多头排列,量价齐升,MACD金叉"
002025,航天电器,57.58,4.88,38403118,80.5,S,100,80,85.0,60.7,-3.97,15.46,8.93,0.49,"多头排列,趋势向上,量价齐升"
000088,盐 田 港,4.68,1.08,33844890,80.5,S,100,100,85.0,60.0,0.43,0.86,2.86,0.93,"多头排列,强势上涨(3日+0.4%),MACD金叉"
001965,招商公路,10.25,1.49,19248029,80.5,S,100,100,85.0,68.4,0.39,5.56,5.02,1.0,"多头排列,强势上涨(3日+0.4%),MACD金叉"
000027,深圳能源,7.08,-2.48,49513576,80.5,S,100,50,77.5,64.4,-4.58,0.28,4.58,0.62,"多头排列,量价齐升,MACD金叉"
600060,海信视像,22.33,0.04,6911500,80.5,S,40,100,92.5,39.5,0.54,0.13,-8.33,0.11,"强势上涨(3日+0.5%),MACD金叉,KDJ金叉"
600016,民生银行,3.93,-0.76,241961018,80.0,S,75,50,100.0,53.7,-1.5,0.26,0.0,0.74,"偏多趋势,量价齐升,MACD金叉"
688101,三达膜,17.37,-0.23,1863767,80.0,S,75,50,100.0,50.7,-0.69,3.15,2.24,0.61,"偏多趋势,量价齐升,MACD金叉"
600458,时代新材,14.97,-0.53,26113064,80.0,S,75,100,85.0,54.8,1.56,6.4,5.13,0.96,"偏多趋势,强势上涨(3日+1.6%),量价齐升"
603801,志邦家居,9.88,4.11,11155209,80.0,S,75,100,85.0,62.6,4.77,6.47,1.13,1.0,"偏多趋势,强势上涨(3日+4.8%),量价齐升"
688075,安旭生物,39.5,0.05,317138,80.0,S,75,50,100.0,51.2,-0.33,1.86,-0.83,0.35,"偏多趋势,量价齐升,MACD金叉"
301139,元道通信,18.67,0.76,2566400,80.0,S,75,50,100.0,46.4,-1.11,4.71,-1.58,0.34,"偏多趋势,量价齐升,MACD金叉"
601311,骆驼股份,9.81,-0.3,22402970,80.0,S,75,100,92.5,56.4,0.1,4.03,1.55,0.9,"偏多趋势,强势上涨(3日+0.1%),放量上涨"
603519,立霸股份,13.92,1.31,7713240,80.0,S,75,100,85.0,52.2,3.03,4.82,2.2,1.0,"偏多趋势,强势上涨(3日+3.0%),量价齐升"
601188,龙江交通,3.59,-1.37,35903965,80.0,S,75,50,100.0,50.0,-1.91,-1.64,-1.37,0.65,"偏多趋势,量价齐升,MACD金叉"
600252,中恒集团,2.64,0.76,50586462,80.0,S,75,100,85.0,58.5,0.38,4.35,1.54,0.39,"偏多趋势,强势上涨(3日+0.4%),MACD金叉"
000800,一汽解放,6.88,-0.43,12581029,80.0,S,75,80,100.0,41.3,-0.86,0.88,-1.71,0.66,"偏多趋势,趋势向上,MACD金叉"
600926,杭州银行,17.32,0.93,46906623,80.0,S,100,100,67.5,81.2,1.88,5.1,5.55,1.0,"多头排列,强势上涨(3日+1.9%),放量上涨"
600267,海正药业,10.62,0.66,11584837,80.0,S,75,100,85.0,58.5,1.24,5.78,1.43,0.62,"偏多趋势,强势上涨(3日+1.2%),MACD金叉"
600886,国投电力,14.56,-1.49,41278689,80.0,S,100,80,52.5,80.0,-3.0,7.06,11.23,0.8,"多头排列,趋势向上,量价齐升"
002953,日丰股份,12.7,-0.78,7823122,80.0,S,100,50,60.0,42.9,-3.5,2.42,-2.98,0.53,"多头排列,量价齐升,波动适中"
300685,艾德生物,21.8,3.27,19463990,80.0,S,75,100,85.0,60.9,8.24,10.1,3.02,0.61,"偏多趋势,强势上涨(3日+8.2%),MACD金叉"
002884,凌霄泵业,18.89,3.39,7337940,80.0,S,75,100,85.0,56.9,2.38,6.24,5.59,1.0,"偏多趋势,强势上涨(3日+2.4%),量价齐升"
603739,蔚蓝生物,16.91,5.42,18831294,80.0,S,75,100,85.0,63.6,5.62,13.03,6.09,1.0,"偏多趋势,强势上涨(3日+5.6%),量价齐升"
600171,上海贝岭,30.96,2.48,14592704,80.0,S,75,50,100.0,47.4,1.14,5.81,-2.27,0.34,"偏多趋势,量价齐升,MACD金叉"
002873,新天药业,10.43,0.29,3697613,80.0,S,75,50,100.0,44.2,0.48,4.09,-0.76,0.72,"偏多趋势,量价齐升,MACD金叉"
603817,海峡环保,8.18,6.23,66982794,80.0,S,100,100,67.5,83.3,6.93,17.02,15.37,1.0,"多头排列,强势上涨(3日+6.9%),放量上涨"
002644,佛慈制药,8.96,1.01,4502300,80.0,S,75,50,100.0,47.5,0.0,3.94,-4.27,0.35,"偏多趋势,量价齐升,MACD金叉"
002641,公元股份,4.43,-0.23,11383900,80.0,S,40,100,82.5,42.4,0.45,1.61,-3.49,0.6,"强势上涨(3日+0.5%),量价齐升,KDJ金叉"
000573,粤宏远Ａ,4.41,1.38,12162700,80.0,S,75,50,100.0,47.0,0.68,6.01,-0.45,0.55,"偏多趋势,缩量回调,MACD金叉"
600543,莫高股份,5.26,-0.94,5663200,80.0,S,75,50,92.5,37.4,-0.75,2.33,-4.71,0.19,"偏多趋势,MACD金叉,KDJ金叉"
002415,海康威视,31.76,-0.56,31416117,80.0,S,75,80,100.0,42.6,-0.5,4.78,-2.4,0.74,"偏多趋势,趋势向上,MACD金叉"
000978,桂林旅游,7.43,2.77,12814707,80.0,S,75,100,85.0,62.3,3.63,8.47,1.23,1.0,"偏多趋势,强势上涨(3日+3.6%),量价齐升"
600779,水井坊,36.99,1.54,5308127,80.0,S,40,100,75.0,37.1,1.93,0.87,-11.46,0.16,"强势上涨(3日+1.9%),放量上涨,KDJ金叉"
